PanelID,PanelType,SpecialistName,RegistrationNo,Specialty,BlacklistReasonID,BlacklistPeriodFrom,BlacklistPeriodUntil
1,1,REG00001 Ophthalmology Specialist,REG00001,Ophthalmology,,,
2,3,REG00002 Obstetrics & Gynaecology Specialist,REG00002,Obstetrics & Gynaecology,,,
3,3,REG00003 Obstetrics & Gynaecology Specialist,REG00003,Obstetrics & Gynaecology,,,
4,3,REG00004 Ophthalmology Specialist,REG00004,Ophthalmology,,,
5,3,REG00005 Anaesthesiology Specialist,REG00005,Anaesthesiology,1,1/22/2018,12/31/9999
6,3,REG00006 Cardiology Specialist,REG00006,Cardiology,,,
7,3,REG00007 Family Physician Specialist,REG00007,Family Physician,,,
8,1,REG00008 Oncology Specialist,REG00008,Oncology,,,
9,1,REG00009 Obstetrics & Gynaecology Specialist,REG00009,Obstetrics & Gynaecology,,,
10,3,REG000010 Obstetrics & Gynaecology Specialist,REG000010,Obstetrics & Gynaecology,,,
11,1,REG000011 Diagnostic Radiology Specialist,REG000011,Diagnostic Radiology,,,
12,3,REG000012 Medical Oncology Specialist,REG000012,Medical Oncology,,,
13,3,REG000013 Cardiology Specialist,REG000013,Cardiology,,,
14,3,REG000014 General Surgery Specialist,REG000014,General Surgery,,,
15,3,REG000015 General Surgery Specialist,REG000015,General Surgery,,,
16,1,REG000016 Anaesthesiology Specialist,REG000016,Anaesthesiology,,,
17,3,REG000017 Obstetrics & Gynaecology Specialist,REG000017,Obstetrics & Gynaecology,,,
18,3,REG000018 Plastic Surgery Specialist,REG000018,Plastic Surgery,,,
19,3,REG000019 Ophthalmology Specialist,REG000019,Ophthalmology,,,
20,1,REG000020 Obstetrics & Gynaecology Specialist,REG000020,Obstetrics & Gynaecology,,,
21,3,REG000021 General Surgery Specialist,REG000021,General Surgery,,,
22,3,REG000022 Orthopaedic Surgery Specialist,REG000022,Orthopaedic Surgery,,,
23,3,REG000023 Obstetrics & Gynaecology Specialist,REG000023,Obstetrics & Gynaecology,,,
24,3,REG000024 Gastroenterology Specialist,REG000024,Gastroenterology,,,
25,3,REG000025 Ophthalmology Specialist,REG000025,Ophthalmology,,,
26,1,REG000026 Obstetrics & Gynaecology Specialist,REG000026,Obstetrics & Gynaecology,,,
27,3,REG000027 Obstetrics & Gynaecology Specialist,REG000027,Obstetrics & Gynaecology,,,
28,3,REG000028 Otorhinolaryngology Specialist,REG000028,Otorhinolaryngology,1,1/22/2018,12/31/9999
29,3,REG000029 Ophthalmology Specialist,REG000029,Ophthalmology,,,
30,1,REG000030 Ophthalmology Specialist,REG000030,Ophthalmology,,,
31,3,REG000031 Gastroenterology Specialist,REG000031,Gastroenterology,,,
32,3,REG000032 Medical Oncology Specialist,REG000032,Medical Oncology,,,
33,3,REG000033 Cardiology Specialist,REG000033,Cardiology,,,
34,3,REG000034 Paediatric Surgery Specialist,REG000034,Paediatric Surgery,,,
35,1,REG000035 Plastic Surgery Specialist,REG000035,Plastic Surgery,,,
36,3,REG000036 Plastic Surgery Specialist,REG000036,Plastic Surgery,,,
37,3,REG000037 Orthopaedic Surgery Specialist,REG000037,Orthopaedic Surgery,,,
38,3,REG000038 Obstetrics & Gynaecology Specialist,REG000038,Obstetrics & Gynaecology,,,
39,3,REG000039 Obstetrics & Gynaecology Specialist,REG000039,Obstetrics & Gynaecology,,,
40,3,REG000040 General Surgery Specialist,REG000040,General Surgery,,,
41,3,REG000041 Plastic Surgery Specialist,REG000041,Plastic Surgery,,,
42,1,REG000042 General Surgery Specialist,REG000042,General Surgery,,,
43,3,REG000043 Endocrinology Specialist,REG000043,Endocrinology,,,
44,3,REG000044 Medical Oncology Specialist,REG000044,Medical Oncology,,,
45,3,REG000045 General Surgery Specialist,REG000045,General Surgery,,,
46,3,REG000046 Orthopaedic Surgery Specialist,REG000046,Orthopaedic Surgery,,,
47,3,REG000047 Obstetrics & Gynaecology Specialist,REG000047,Obstetrics & Gynaecology,,,
48,3,REG000048 General Surgery Specialist,REG000048,General Surgery,,,
49,1,REG000049 Ophthalmology Specialist,REG000049,Ophthalmology,,,
50,1,REG000050 Otorhinolaryngology Specialist,REG000050,Otorhinolaryngology,,,
51,3,REG000051 Urology Specialist,REG000051,Urology,,,
52,3,REG000052 General Surgery Specialist,REG000052,General Surgery,,,
53,1,REG000053 Diagnostic Radiology Specialist,REG000053,Diagnostic Radiology,,,
54,3,REG000054 General Surgery Specialist,REG000054,General Surgery,1,1/22/2018,12/31/9999
55,3,D000055 Oral & Maxillo-Facial Surgery Specialist,D000055,Oral & Maxillo-Facial Surgery,,,
56,3,REG000056 Neurology Specialist,REG000056,Neurology,,,
57,3,REG000057 Dermatology Specialist,REG000057,Dermatology,,,
58,3,REG000058 Emergency Medicine Specialist,REG000058,Emergency Medicine,,,
59,3,REG000059 General Surgery Specialist,REG000059,General Surgery,,,
60,3,REG000060 Paediatric Medicine Specialist,REG000060,Paediatric Medicine,,,
61,1,REG000061 Endocrinology Specialist,REG000061,Endocrinology,,,
62,3,REG000062 Ophthalmology Specialist,REG000062,Ophthalmology,1,1/1/2019,12/31/9999
63,3,REG000063 Ophthalmology Specialist,REG000063,Ophthalmology,1,4/10/2018,12/31/9999
64,1,REG000064 Plastic Surgery Specialist,REG000064,Plastic Surgery,,,
65,3,REG000065 Sports Medicine Specialist,REG000065,Sports Medicine,,,
66,3,REG000066 Cardiology Specialist,REG000066,Cardiology,,,
67,3,REG000067 Obstetrics & Gynaecology Specialist,REG000067,Obstetrics & Gynaecology,,,
68,3,D000068 Oral & Maxillo-Facial Surgery Specialist,D000068,Oral & Maxillo-Facial Surgery,,,
69,1,Suz000069 heart Specialist,Suz000069,heart,2,1/1/2018,1/1/2021
70,1,REG000070 Hand Surgery Specialist,REG000070,Hand Surgery,,,
71,3,REG000071 Obstetrics & Gynaecology Specialist,REG000071,Obstetrics & Gynaecology,,,
72,3,REG000072 Otorhinolaryngology Specialist,REG000072,Otorhinolaryngology,,,
73,3,REG000073 Otorhinolaryngology Specialist,REG000073,Otorhinolaryngology,,,
74,3,REG000074 Gastroenterology Specialist,REG000074,Gastroenterology,,,
75,1,REG000075 Orthopaedic Surgery Specialist,REG000075,Orthopaedic Surgery,,,
76,1,REG000076 Paediatric Medicine Specialist,REG000076,Paediatric Medicine,,,
77,3,REG000077 Ophthalmology Specialist,REG000077,Ophthalmology,,,
78,3,REG000078 Dermatology Specialist,REG000078,Dermatology,,,
79,1,REG000079 Gastroenterology Specialist,REG000079,Gastroenterology,,,
80,3,REG000080 Medical Oncology Specialist,REG000080,Medical Oncology,,,
81,3,REG000081 Orthopaedic Surgery Specialist,REG000081,Orthopaedic Surgery,,,
82,3,REG000082 Obstetrics & Gynaecology Specialist,REG000082,Obstetrics & Gynaecology,,,
83,3,REG000083 Orthopaedic Surgery Specialist,REG000083,Orthopaedic Surgery,,,
84,3,REG000084 Ophthalmology Specialist,REG000084,Ophthalmology,1,1/22/2018,12/31/9999
85,3,REG000085 Obstetrics & Gynaecology Specialist,REG000085,Obstetrics & Gynaecology,,,
86,3,REG000086 Psychiatry Specialist,REG000086,Psychiatry,,,
87,3,REG000087 Medical Oncology Specialist,REG000087,Medical Oncology,,,
88,1,REG000088 Dermatology Specialist,REG000088,Dermatology,,,
89,3,REG000089 Psychiatry Specialist,REG000089,Psychiatry,,,
90,3,REG000090 Otorhinolaryngology Specialist,REG000090,Otorhinolaryngology,1,5/10/2018,12/31/9999
91,3,REG000091 Obstetrics & Gynaecology Specialist,REG000091,Obstetrics & Gynaecology,,,
92,3,REG000092 Cardiology Specialist,REG000092,Cardiology,,,
93,1,REG000093 Ophthalmology Specialist,REG000093,Ophthalmology,,,
94,1,REG000094 Medical Oncology Specialist,REG000094,Medical Oncology,,,
95,3,REG000095 Cardiology Specialist,REG000095,Cardiology,,,
96,1,REG000096 Urology Specialist,REG000096,Urology,,,
97,1,REG000097 Obstetrics & Gynaecology Specialist,REG000097,Obstetrics & Gynaecology,,,
98,3,REG000098 Urology Specialist,REG000098,Urology,,,
99,3,REG000099 Medical Oncology Specialist,REG000099,Medical Oncology,,,
100,3,REG0000100 Rheumatology Specialist,REG0000100,Rheumatology,,,
101,3,REG0000101 Anaesthesiology Specialist,REG0000101,Anaesthesiology,,,
102,3,REG0000102 Orthopaedic Surgery Specialist,REG0000102,Orthopaedic Surgery,,,
103,3,REG0000103 Otorhinolaryngology Specialist,REG0000103,Otorhinolaryngology,,,
104,3,M0000104 Gastroenterology Specialist,M0000104,Gastroenterology,,,
105,3,REG0000105 Orthopaedic Surgery Specialist,REG0000105,Orthopaedic Surgery,,,
106,3,REG0000106 Endocrinology Specialist,REG0000106,Endocrinology,,,
107,3,REG0000107 Geriatric Medicine Specialist,REG0000107,Geriatric Medicine,,,
108,3,REG0000108 Paediatric Medicine Specialist,REG0000108,Paediatric Medicine,,,
109,3,REG0000109 Obstetrics & Gynaecology Specialist,REG0000109,Obstetrics & Gynaecology,,,
110,3,REG0000110 Cardiology Specialist,REG0000110,Cardiology,,,
111,3,REG0000111 Paediatric Medicine Specialist,REG0000111,Paediatric Medicine,,,
112,1,REG0000112 Ophthalmology Specialist,REG0000112,Ophthalmology,,,
113,3,REG0000113 Ophthalmology Specialist,REG0000113,Ophthalmology,,,
114,1,REG0000114 Respiratory Medicine Specialist,REG0000114,Respiratory Medicine,,,
115,3,REG0000115 General Surgery Specialist,REG0000115,General Surgery,,,
116,3,REG0000116 Anaesthesiology Specialist,REG0000116,Anaesthesiology,,,
117,3,REG0000117 Psychiatry Specialist,REG0000117,Psychiatry,,,
118,1,D0000118 Oral & Maxillo-Facial Surgery Specialist,D0000118,Oral & Maxillo-Facial Surgery,,,
119,3,REG0000119 Paediatric Medicine Specialist,REG0000119,Paediatric Medicine,,,
120,3,REG0000120 Obstetrics & Gynaecology Specialist,REG0000120,Obstetrics & Gynaecology,,,
121,3,REG0000121 Respiratory Medicine Specialist,REG0000121,Respiratory Medicine,,,
122,3,REG0000122 Cardiology Specialist,REG0000122,Cardiology,,,
123,3,REG0000123 Obstetrics & Gynaecology Specialist,REG0000123,Obstetrics & Gynaecology,,,
124,3,REG0000124 Ophthalmology Specialist,REG0000124,Ophthalmology,,,
125,3,REG0000125 Obstetrics & Gynaecology Specialist,REG0000125,Obstetrics & Gynaecology,,,
126,3,REG0000126 Orthopaedic Surgery Specialist,REG0000126,Orthopaedic Surgery,,,
127,1,REG0000127 Dermatology Specialist,REG0000127,Dermatology,,,
128,3,REG0000128 Orthopaedic Surgery Specialist,REG0000128,Orthopaedic Surgery,,,
129,3,REG0000129 Orthopaedic Surgery Specialist,REG0000129,Orthopaedic Surgery,1,1/22/2018,12/31/9999
130,3,REG0000130 General Surgery Specialist,REG0000130,General Surgery,,,
131,3,REG0000131 Obstetrics & Gynaecology Specialist,REG0000131,Obstetrics & Gynaecology,,,
132,3,REG0000132 Orthopaedic Surgery Specialist,REG0000132,Orthopaedic Surgery,,,
133,3,REG0000133 Urology Specialist,REG0000133,Urology,,,
134,3,REG0000134 Otorhinolaryngology Specialist,REG0000134,Otorhinolaryngology,,,
135,3,REG0000135 Paediatric Surgery Specialist,REG0000135,Paediatric Surgery,,,
136,3,REG0000136 Ophthalmology Specialist,REG0000136,Ophthalmology,,,
137,3,REG0000137 Gastroenterology Specialist,REG0000137,Gastroenterology,,,
138,1,REG0000138 Otorhinolaryngology Specialist,REG0000138,Otorhinolaryngology,,,
139,3,REG0000139 Obstetrics & Gynaecology Specialist,REG0000139,Obstetrics & Gynaecology,,,
140,3,REG0000140 General Surgery Specialist,REG0000140,General Surgery,,,
141,3,REG0000141 Ophthalmology Specialist,REG0000141,Ophthalmology,,,
142,3,REG0000142 Cardiology Specialist,REG0000142,Cardiology,,,
143,1,REG0000143 Otorhinolaryngology Specialist,REG0000143,Otorhinolaryngology,,,
144,3,REG0000144 Ophthalmology Specialist,REG0000144,Ophthalmology,,,
145,3,REG0000145 Obstetrics & Gynaecology Specialist,REG0000145,Obstetrics & Gynaecology,,,
146,1,REG0000146 General Surgery Specialist,REG0000146,General Surgery,,,
147,1,REG0000147 Obstetrics & Gynaecology Specialist,REG0000147,Obstetrics & Gynaecology,,,
148,3,REG0000148 Obstetrics & Gynaecology Specialist,REG0000148,Obstetrics & Gynaecology,,,
149,3,REG0000149 Obstetrics & Gynaecology Specialist,REG0000149,Obstetrics & Gynaecology,,,
150,3,REG0000150 Renal Medicine Specialist,REG0000150,Renal Medicine,,,
151,3,REG0000151 Obstetrics & Gynaecology Specialist,REG0000151,Obstetrics & Gynaecology,1,1/22/2018,12/31/9999
152,3,REG0000152 General Surgery Specialist,REG0000152,General Surgery,,,
153,3,REG0000153 Cardiology Specialist,REG0000153,Cardiology,,,
154,3,REG0000154 Ophthalmology Specialist,REG0000154,Ophthalmology,1,1/22/2018,12/31/9999
155,3,REG0000155 Obstetrics & Gynaecology Specialist,REG0000155,Obstetrics & Gynaecology,,,
156,3,REG0000156 Ophthalmology Specialist,REG0000156,Ophthalmology,,,
157,3,REG0000157 Obstetrics & Gynaecology Specialist,REG0000157,Obstetrics & Gynaecology,,,
158,3,REG0000158 Obstetrics & Gynaecology Specialist,REG0000158,Obstetrics & Gynaecology,,,
159,1,REG0000159 General Surgery Specialist,REG0000159,General Surgery,,,
160,3,REG0000160 Paediatric Medicine Specialist,REG0000160,Paediatric Medicine,,,
161,3,REG0000161 Rheumatology Specialist,REG0000161,Rheumatology,,,
162,3,REG0000162 Dermatology Specialist,REG0000162,Dermatology,,,
163,1,REG0000163 General Surgery Specialist,REG0000163,General Surgery,,,
164,1,REG0000164 Respiratory Medicine Specialist,REG0000164,Respiratory Medicine,,,
165,3,REG0000165 Gastroenterology Specialist,REG0000165,Gastroenterology,,,
166,1,REG0000166 Ophthalmology Specialist,REG0000166,Ophthalmology,,,
167,3,REG0000167 Orthopaedic Surgery Specialist,REG0000167,Orthopaedic Surgery,1,5/10/2018,12/31/9999
168,3,REG0000168 Internal Medicine Specialist,REG0000168,Internal Medicine,,,
169,3,REG0000169 Gastroenterology Specialist,REG0000169,Gastroenterology,,,
170,3,REG0000170 Obstetrics & Gynaecology Specialist,REG0000170,Obstetrics & Gynaecology,,,
171,3,REG0000171 Otorhinolaryngology Specialist,REG0000171,Otorhinolaryngology,,,
172,1,REG0000172 Respiratory Medicine Specialist,REG0000172,Respiratory Medicine,,,
173,3,REG0000173 Ophthalmology Specialist,REG0000173,Ophthalmology,,,
174,3,REG0000174 General Surgery Specialist,REG0000174,General Surgery,,,
175,3,REG0000175 Obstetrics & Gynaecology Specialist,REG0000175,Obstetrics & Gynaecology,,,
176,3,REG0000176 General Surgery Specialist,REG0000176,General Surgery,,,
177,3,REG0000177 Orthopaedic Surgery Specialist,REG0000177,Orthopaedic Surgery,1,9/24/2018,12/31/9999
178,3,REG0000178 Cardiology Specialist,REG0000178,Cardiology,,,
179,1,REG0000179 Orthopaedic Surgery Specialist,REG0000179,Orthopaedic Surgery,,,
180,3,REG0000180 Internal Medicine Specialist,REG0000180,Internal Medicine,,,
181,3,REG0000181 Paediatric Medicine Specialist,REG0000181,Paediatric Medicine,,,
182,3,REG0000182 General Surgery Specialist,REG0000182,General Surgery,,,
183,3,REG0000183 Obstetrics & Gynaecology Specialist,REG0000183,Obstetrics & Gynaecology,,,
184,3,REG0000184 Haematology Specialist,REG0000184,Haematology,,,
185,3,REG0000185 Internal Medicine Specialist,REG0000185,Internal Medicine,,,
186,3,REG0000186 Ophthalmology Specialist,REG0000186,Ophthalmology,,,
187,3,REG0000187 Obstetrics & Gynaecology Specialist,REG0000187,Obstetrics & Gynaecology,,,
188,3,REG0000188 Orthopaedic Surgery Specialist,REG0000188,Orthopaedic Surgery,,,
189,3,D0000189 Periodontology Specialist,D0000189,Periodontology,,,
190,3,REG0000190 Gastroenterology Specialist,REG0000190,Gastroenterology,1,1/22/2018,12/31/9999
191,3,REG0000191 Obstetrics & Gynaecology Specialist,REG0000191,Obstetrics & Gynaecology,,,
192,3,REG0000192 Obstetrics & Gynaecology Specialist,REG0000192,Obstetrics & Gynaecology,,,
193,1,REG0000193 Cardiology Specialist,REG0000193,Cardiology,,,
194,3,REG0000194 Obstetrics & Gynaecology Specialist,REG0000194,Obstetrics & Gynaecology,,,
195,3,REG0000195 Dermatology Specialist,REG0000195,Dermatology,,,
196,3,REG0000196 Cardiology Specialist,REG0000196,Cardiology,,,
197,3,REG0000197 Paediatric Medicine Specialist,REG0000197,Paediatric Medicine,,,
198,3,D0000198 Oral & Maxillo-Facial Surgery Specialist,D0000198,Oral & Maxillo-Facial Surgery,,,
199,3,REG0000199 Otorhinolaryngology Specialist,REG0000199,Otorhinolaryngology,,,
200,3,REG0000200 Paediatric Medicine Specialist,REG0000200,Paediatric Medicine,,,
201,3,REG0000201 Cardiology Specialist,REG0000201,Cardiology,1,1/22/2018,12/31/9999
202,3,REG0000202 Gastroenterology Specialist,REG0000202,Gastroenterology,,,
203,3,REG0000203 General Surgery Specialist,REG0000203,General Surgery,,,
204,3,REG0000204 Paediatric Medicine Specialist,REG0000204,Paediatric Medicine,,,
205,3,REG0000205 Ophthalmology Specialist,REG0000205,Ophthalmology,,,
206,1,REG0000206 Oral & Maxillo-Facial Surgery Specialist,REG0000206,Oral & Maxillo-Facial Surgery,,,
207,3,REG0000207 Gastroenterology Specialist,REG0000207,Gastroenterology,,,
208,3,REG0000208 Plastic Surgery Specialist,REG0000208,Plastic Surgery,,,
209,3,REG0000209 Psychiatry Specialist,REG0000209,Psychiatry,,,
210,3,REG0000210 Ophthalmology Specialist,REG0000210,Ophthalmology,,,
211,3,REG0000211 Obstetrics & Gynaecology Specialist,REG0000211,Obstetrics & Gynaecology,,,
212,3,REG0000212 Obstetrics & Gynaecology Specialist,REG0000212,Obstetrics & Gynaecology,,,
213,1,REG0000213 Ophthalmology Specialist,REG0000213,Ophthalmology,,,
214,3,REG0000214 Ophthalmology Specialist,REG0000214,Ophthalmology,,,
215,3,REG0000215 Obstetrics & Gynaecology Specialist,REG0000215,Obstetrics & Gynaecology,,,
216,3,REG0000216 Paediatric Medicine Specialist,REG0000216,Paediatric Medicine,,,
217,3,REG0000217 Ophthalmology Specialist,REG0000217,Ophthalmology,,,
218,3,REG0000218 Respiratory Medicine Specialist,REG0000218,Respiratory Medicine,,,
219,3,REG0000219 Otorhinolaryngology Specialist,REG0000219,Otorhinolaryngology,,,
220,3,REG0000220 General Surgery Specialist,REG0000220,General Surgery,,,
221,3,REG0000221 Obstetrics & Gynaecology Specialist,REG0000221,Obstetrics & Gynaecology,,,
222,1,REG0000222 Neurosurgery Specialist,REG0000222,Neurosurgery,,,
223,1,REG0000223 General Surgery Specialist,REG0000223,General Surgery,,,
224,3,REG0000224 Paediatric Medicine Specialist,REG0000224,Paediatric Medicine,,,
225,3,REG0000225 Gastroenterology Specialist,REG0000225,Gastroenterology,,,
226,3,REG0000226 Cardiology Specialist,REG0000226,Cardiology,,,
227,3,REG0000227 Endocrinology Specialist,REG0000227,Endocrinology,,,
228,3,REG0000228 Obstetrics & Gynaecology Specialist,REG0000228,Obstetrics & Gynaecology,,,
229,3,REG0000229 Otorhinolaryngology Specialist,REG0000229,Otorhinolaryngology,,,
230,3,REG0000230 General Surgery Specialist,REG0000230,General Surgery,,,
231,1,REG0000231 Orthopaedic Surgery Specialist,REG0000231,Orthopaedic Surgery,,,
232,3,REG0000232 Obstetrics & Gynaecology Specialist,REG0000232,Obstetrics & Gynaecology,,,
233,3,REG0000233 General Surgery Specialist,REG0000233,General Surgery,,,
234,3,REG0000234 Obstetrics & Gynaecology Specialist,REG0000234,Obstetrics & Gynaecology,,,
235,3,REG0000235 Ophthalmology Specialist,REG0000235,Ophthalmology,,,
236,3,REG0000236 Ophthalmology Specialist,REG0000236,Ophthalmology,,,
237,1,REG0000237 Paediatric Medicine Specialist,REG0000237,Paediatric Medicine,,,
238,1,REG0000238 Obstetrics & Gynaecology Specialist,REG0000238,Obstetrics & Gynaecology,,,
239,3,REG0000239 Diagnostic Radiology Specialist,REG0000239,Diagnostic Radiology,,,
240,3,REG0000240 Paediatric Medicine Specialist,REG0000240,Paediatric Medicine,,,
241,3,REG0000241 Obstetrics & Gynaecology Specialist,REG0000241,Obstetrics & Gynaecology,,,
242,3,REG0000242 Internal Medicine Specialist,REG0000242,Internal Medicine,,,
243,1,REG0000243 Orthopaedic Surgery Specialist,REG0000243,Orthopaedic Surgery,,,
244,3,REG0000244 Renal Medicine Specialist,REG0000244,Renal Medicine,,,
245,1,REG0000245 Dermatology (Skin) Specialist,REG0000245,Dermatology (Skin),,,
246,3,REG0000246 Paediatric Medicine Specialist,REG0000246,Paediatric Medicine,,,
247,3,REG0000247 Ophthalmology Specialist,REG0000247,Ophthalmology,,,
248,1,REG0000248 General Surgery Specialist,REG0000248,General Surgery,,,
249,3,REG0000249 General Surgery Specialist,REG0000249,General Surgery,,,
250,3,REG0000250 Obstetrics & Gynaecology Specialist,REG0000250,Obstetrics & Gynaecology,,,
251,3,REG0000251 Anaesthesiology Specialist,REG0000251,Anaesthesiology,,,
252,3,REG0000252 Neurosurgery Specialist,REG0000252,Neurosurgery,,,
253,3,REG0000253 Obstetrics & Gynaecology Specialist,REG0000253,Obstetrics & Gynaecology,,,
254,3,REG0000254 General Surgery Specialist,REG0000254,General Surgery,,,
255,3,REG0000255 Gastroenterology Specialist,REG0000255,Gastroenterology,,,
256,3,REG0000256 Cardiology Specialist,REG0000256,Cardiology,,,
257,3,REG0000257 Endocrinology Specialist,REG0000257,Endocrinology,,,
258,1,REG0000258 Medical Oncology Specialist,REG0000258,Medical Oncology,,,
259,3,REG0000259 Obstetrics & Gynaecology Specialist,REG0000259,Obstetrics & Gynaecology,,,
260,3,REG0000260 Obstetrics & Gynaecology Specialist,REG0000260,Obstetrics & Gynaecology,,,
261,1,REG0000261 Cardiology Specialist,REG0000261,Cardiology,,,
262,3,REG0000262 Sports Medicine Specialist,REG0000262,Sports Medicine,,,
263,3,REG0000263 Dermatology Specialist,REG0000263,Dermatology,,,
264,3,REG0000264 Ophthalmology Specialist,REG0000264,Ophthalmology,,,
265,1,REG0000265 Paediatric Medicine Specialist,REG0000265,Paediatric Medicine,,,
266,3,REG0000266 Paediatric Medicine Specialist,REG0000266,Paediatric Medicine,,,
267,3,REG0000267 Obstetrics & Gynaecology Specialist,REG0000267,Obstetrics & Gynaecology,,,
268,3,REG0000268 Otorhinolaryngology Specialist,REG0000268,Otorhinolaryngology,,,
269,1,REG0000269 Urology Specialist,REG0000269,Urology,,,
270,3,REG0000270 Obstetrics & Gynaecology Specialist,REG0000270,Obstetrics & Gynaecology,,,
271,3,REG0000271 Respiratory Medicine Specialist,REG0000271,Respiratory Medicine,,,
272,1,REG0000272 Orthopaedic Surgery Specialist,REG0000272,Orthopaedic Surgery,,,
273,3,REG0000273 Obstetrics & Gynaecology Specialist,REG0000273,Obstetrics & Gynaecology,,,
274,3,REG0000274 Obstetrics & Gynaecology Specialist,REG0000274,Obstetrics & Gynaecology,,,
275,3,REG0000275 Obstetrics & Gynaecology Specialist,REG0000275,Obstetrics & Gynaecology,,,
276,3,REG0000276 Anaesthesiology Specialist,REG0000276,Anaesthesiology,,,
277,3,REG0000277 Orthopaedic Surgery Specialist,REG0000277,Orthopaedic Surgery,,,
278,1,REG0000278 Urology Specialist,REG0000278,Urology,,,
279,3,REG0000279 Obstetrics & Gynaecology Specialist,REG0000279,Obstetrics & Gynaecology,,,
280,1,REG0000280 Geriatric Medicine Specialist,REG0000280,Geriatric Medicine,,,
281,1,REG0000281 Neurology Specialist,REG0000281,Neurology,,,
282,3,REG0000282 Urology Specialist,REG0000282,Urology,,,
283,1,REG0000283 Gastroenterology Specialist,REG0000283,Gastroenterology,,,
284,3,REG0000284 Orthopaedic Surgery Specialist,REG0000284,Orthopaedic Surgery,,,
285,3,REG0000285 Internal Medicine Specialist,REG0000285,Internal Medicine,,,
286,3,D0000286 Oral & Maxillo-Facial Surgery Specialist,D0000286,Oral & Maxillo-Facial Surgery,,,
287,3,REG0000287 Ophthalmology Specialist,REG0000287,Ophthalmology,,,
288,3,REG0000288 Cardiology Specialist,REG0000288,Cardiology,,,
289,3,REG0000289 Neurology Specialist,REG0000289,Neurology,,,
290,3,REG0000290 Obstetrics & Gynaecology Specialist,REG0000290,Obstetrics & Gynaecology,,,
291,3,D0000291 Oral & Maxillo-Facial Surgery Specialist,D0000291,Oral & Maxillo-Facial Surgery,,,
292,3,REG0000292 General Surgery Specialist,REG0000292,General Surgery,,,
293,3,REG0000293 Gastroenterology Specialist,REG0000293,Gastroenterology,,,
294,1,REG0000294 Anaesthesiology Specialist,REG0000294,Anaesthesiology,,,
295,3,REG0000295 Paediatric Medicine Specialist,REG0000295,Paediatric Medicine,,,
296,1,REG0000296 Urology Specialist,REG0000296,Urology,,,
297,3,REG0000297 Endocrinology Specialist,REG0000297,Endocrinology,,,
298,3,REG0000298 Plastic Surgery Specialist,REG0000298,Plastic Surgery,,,
299,3,REG0000299 General Surgery Specialist,REG0000299,General Surgery,,,
300,3,REG0000300 General Surgery Specialist,REG0000300,General Surgery,,,
301,1,REG0000301 Ophthalmology Specialist,REG0000301,Ophthalmology,,,
302,3,REG0000302 Neurosurgery Specialist,REG0000302,Neurosurgery,,,
303,1,REG0000303 General Surgery Specialist,REG0000303,General Surgery,,,
304,3,D0000304 Oral & Maxillo-Facial Surgery Specialist,D0000304,Oral & Maxillo-Facial Surgery,,,
305,1,REG0000305 Plastic Surgery Specialist,REG0000305,Plastic Surgery,,,
306,1,REG0000306 Obstetrics & Gynaecology Specialist,REG0000306,Obstetrics & Gynaecology,,,
307,3,REG0000307 Ophthalmology Specialist,REG0000307,Ophthalmology,,,
308,3,REG0000308 Orthopaedic Surgery Specialist,REG0000308,Orthopaedic Surgery,,,
309,1,REG0000309 Cardiology Specialist,REG0000309,Cardiology,,,
310,3,REG0000310 Plastic Surgery Specialist,REG0000310,Plastic Surgery,1,1/1/2019,12/31/9999
311,3,REG0000311 Ophthalmology Specialist,REG0000311,Ophthalmology,1,4/10/2018,12/31/9999
312,1,REG0000312 Otorhinolaryngology Specialist,REG0000312,Otorhinolaryngology,,,
313,3,REG0000313 Respiratory Medicine Specialist,REG0000313,Respiratory Medicine,,,
314,3,REG0000314 Otorhinolaryngology Specialist,REG0000314,Otorhinolaryngology,,,
315,3,M0000315 Renal Medicine Specialist,M0000315,Renal Medicine,,,
316,3,REG0000316 Paediatric Medicine Specialist,REG0000316,Paediatric Medicine,,,
317,3,REG0000317 General Surgery Specialist,REG0000317,General Surgery,,,
318,3,REG0000318 Obstetrics & Gynaecology Specialist,REG0000318,Obstetrics & Gynaecology,,,
319,3,REG0000319 Cardiology Specialist,REG0000319,Cardiology,,,
320,3,REG0000320 General Surgery Specialist,REG0000320,General Surgery,,,
321,1,REG0000321 Otorhinolaryngology Specialist,REG0000321,Otorhinolaryngology,,,
322,3,REG0000322 Neurosurgery Specialist,REG0000322,Neurosurgery,1,1/22/2018,12/31/9999
323,3,REG0000323 General Surgery Specialist,REG0000323,General Surgery,,,
324,3,REG0000324 Obstetrics & Gynaecology Specialist,REG0000324,Obstetrics & Gynaecology,,,
325,3,REG0000325 General Surgery Specialist,REG0000325,General Surgery,,,
326,3,REG0000326 Cardiology Specialist,REG0000326,Cardiology,,,
327,3,REG0000327 General Surgery Specialist,REG0000327,General Surgery,,,
328,3,REG0000328 Obstetrics & Gynaecology Specialist,REG0000328,Obstetrics & Gynaecology,,,
329,3,REG0000329 Obstetrics & Gynaecology Specialist,REG0000329,Obstetrics & Gynaecology,,,
330,3,REG0000330 Orthopaedic Surgery Specialist,REG0000330,Orthopaedic Surgery,1,9/24/2018,12/31/9999
331,3,REG0000331 Neurosurgery Specialist,REG0000331,Neurosurgery,,,
332,3,REG0000332 Paediatric Medicine Specialist,REG0000332,Paediatric Medicine,,,
333,3,REG0000333 General Surgery Specialist,REG0000333,General Surgery,,,
334,3,REG0000334 Obstetrics & Gynaecology Specialist,REG0000334,Obstetrics & Gynaecology,,,
335,3,REG0000335 Obstetrics & Gynaecology Specialist,REG0000335,Obstetrics & Gynaecology,,,
336,3,REG0000336 General Surgery Specialist,REG0000336,General Surgery,,,
337,3,REG0000337 Paediatric Medicine Specialist,REG0000337,Paediatric Medicine,,,
338,3,REG0000338 Obstetrics & Gynaecology Specialist,REG0000338,Obstetrics & Gynaecology,,,
339,3,REG0000339 Obstetrics & Gynaecology Specialist,REG0000339,Obstetrics & Gynaecology,,,
340,3,REG0000340 Medical Oncology Specialist,REG0000340,Medical Oncology,,,
341,3,REG0000341 Ophthalmology Specialist,REG0000341,Ophthalmology,1,4/10/2018,12/31/9999
342,3,REG0000342 Medical Oncology Specialist,REG0000342,Medical Oncology,,,
343,3,REG0000343 Dermatology Specialist,REG0000343,Dermatology,,,
344,3,REG0000344 Neurosurgery Specialist,REG0000344,Neurosurgery,,,
345,3,REG0000345 Obstetrics & Gynaecology Specialist,REG0000345,Obstetrics & Gynaecology,0,,
346,3,REG0000346 Cardiology Specialist,REG0000346,Cardiology,,,
347,3,REG0000347 Medical Oncology Specialist,REG0000347,Medical Oncology,,,
348,3,REG0000348 Plastic Surgery Specialist,REG0000348,Plastic Surgery,,,
349,3,REG0000349 Otorhinolaryngology Specialist,REG0000349,Otorhinolaryngology,,,
350,3,REG0000350 Dermatology Specialist,REG0000350,Dermatology,,,
351,3,REG0000351 Paediatric Medicine Specialist,REG0000351,Paediatric Medicine,,,
352,3,REG0000352 Radiation Oncology Specialist,REG0000352,Radiation Oncology,,,
353,3,REG0000353 Psychiatry Specialist,REG0000353,Psychiatry,,,
354,3,REG0000354 Obstetrics & Gynaecology Specialist,REG0000354,Obstetrics & Gynaecology,,,
355,3,REG0000355 General Surgery Specialist,REG0000355,General Surgery,,,
356,3,REG0000356 Obstetrics & Gynaecology Specialist,REG0000356,Obstetrics & Gynaecology,,,
357,1,REG0000357 General Surgery Specialist,REG0000357,General Surgery,,,
358,3,REG0000358 Ophthalmology Specialist,REG0000358,Ophthalmology,,,
359,3,REG0000359 Endocrinology Specialist,REG0000359,Endocrinology,,,
360,1,REG0000360 Neurosurgery Specialist,REG0000360,Neurosurgery,,,
361,3,REG0000361 Paediatric Medicine Specialist,REG0000361,Paediatric Medicine,,,
362,3,REG0000362 Obstetrics & Gynaecology Specialist,REG0000362,Obstetrics & Gynaecology,,,
363,3,REG0000363 Cardiology Specialist,REG0000363,Cardiology,,,
364,3,REG0000364 Paediatric Medicine Specialist,REG0000364,Paediatric Medicine,,,
365,3,REG0000365 Rheumatology Specialist,REG0000365,Rheumatology,,,
366,3,REG0000366 Infectious Diseases Specialist,REG0000366,Infectious Diseases,,,
367,3,REG0000367 Palliative Medicine Specialist,REG0000367,Palliative Medicine,,,
368,3,REG0000368 Respiratory Medicine Specialist,REG0000368,Respiratory Medicine,,,
369,3,REG0000369 Cardiology Specialist,REG0000369,Cardiology,,,
370,3,REG0000370 General Surgery Specialist,REG0000370,General Surgery,,,
371,3,REG0000371 Obstetrics & Gynaecology Specialist,REG0000371,Obstetrics & Gynaecology,,,
372,3,REG0000372 Renal Medicine Specialist,REG0000372,Renal Medicine,,,
373,3,REG0000373 General Surgery Specialist,REG0000373,General Surgery,1,4/19/2018,12/31/9999
374,3,REG0000374 General Surgery Specialist,REG0000374,General Surgery,,,
375,3,REG0000375 Obstetrics & Gynaecology Specialist,REG0000375,Obstetrics & Gynaecology,,,
376,3,REG0000376 Infectious Diseases Specialist,REG0000376,Infectious Diseases,,,
377,3,REG0000377 Infectious Diseases Specialist,REG0000377,Infectious Diseases,,,
378,3,REG0000378 Obstetrics & Gynaecology Specialist,REG0000378,Obstetrics & Gynaecology,,,
379,3,REG0000379 Dermatology Specialist,REG0000379,Dermatology,,,
380,1,REG0000380 Diagnostic Radiology Specialist,REG0000380,Diagnostic Radiology,,,
381,3,REG0000381 Diagnostic Radiology Specialist,REG0000381,Diagnostic Radiology,,,
382,3,REG0000382 Cardiology Specialist,REG0000382,Cardiology,,,
383,1,REG0000383 Orthopaedic Surgery Specialist,REG0000383,Orthopaedic Surgery,,,
384,3,REG0000384 Obstetrics & Gynaecology Specialist,REG0000384,Obstetrics & Gynaecology,,,
385,3,REG0000385 Nuclear Medicine Specialist,REG0000385,Nuclear Medicine,,,
386,3,REG0000386 General Surgery Specialist,REG0000386,General Surgery,,,
387,3,REG0000387 Orthopaedic Surgery Specialist,REG0000387,Orthopaedic Surgery,,,
388,3,REG0000388 Gastroenterology Specialist,REG0000388,Gastroenterology,,,
389,3,REG0000389 Cardiology Specialist,REG0000389,Cardiology,,,
390,3,REG0000390 Paediatric Medicine Specialist,REG0000390,Paediatric Medicine,,,
391,1,REG0000391 Infectious Diseases Specialist,REG0000391,Infectious Diseases,,,
392,3,REG0000392 Renal Medicine Specialist,REG0000392,Renal Medicine,,,
393,3,REG0000393 Otorhinolaryngology Specialist,REG0000393,Otorhinolaryngology,,,
394,1,REG0000394 General Surgery - Colorectal Specialist,REG0000394,General Surgery - Colorectal,,,
395,3,REG0000395 Cardiology Specialist,REG0000395,Cardiology,,,
396,3,REG0000396 Diagnostic Radiology Specialist,REG0000396,Diagnostic Radiology,,,
397,3,REG0000397 Cardiology Specialist,REG0000397,Cardiology,,,
398,3,REG0000398 Obstetrics & Gynaecology Specialist,REG0000398,Obstetrics & Gynaecology,,,
399,3,REG0000399 Ophthalmology Specialist,REG0000399,Ophthalmology,,,
400,3,REG0000400 Obstetrics & Gynaecology Specialist,REG0000400,Obstetrics & Gynaecology,,,
401,3,REG0000401 Paediatric Medicine Specialist,REG0000401,Paediatric Medicine,,,
402,1,REG0000402 Orthopaedic Surgery Specialist,REG0000402,Orthopaedic Surgery,,,
403,3,REG0000403 Orthopaedic Surgery Specialist,REG0000403,Orthopaedic Surgery,,,
404,3,REG0000404 Obstetrics & Gynaecology Specialist,REG0000404,Obstetrics & Gynaecology,3,8/1/2018,12/31/9999
405,1,REG0000405 General Surgery Specialist,REG0000405,General Surgery,,,
406,3,REG0000406 Neurosurgery Specialist,REG0000406,Neurosurgery,,,
407,3,REG0000407 Otorhinolaryngology Specialist,REG0000407,Otorhinolaryngology,,,
408,3,REG0000408 Paediatric Medicine Specialist,REG0000408,Paediatric Medicine,,,
409,3,REG0000409 Ophthalmology Specialist,REG0000409,Ophthalmology,,,
410,3,REG0000410 Orthopaedic Surgery Specialist,REG0000410,Orthopaedic Surgery,,,
411,3,REG0000411 Dermatology Specialist,REG0000411,Dermatology,,,
412,3,REG0000412 Endocrinology Specialist,REG0000412,Endocrinology,,,
413,3,REG0000413 Psychiatry Specialist,REG0000413,Psychiatry,,,
414,1,REG0000414 Urology Specialist,REG0000414,Urology,,,
415,3,REG0000415 Orthopaedic Surgery Specialist,REG0000415,Orthopaedic Surgery,1,12/5/2018,12/31/9999
416,3,REG0000416 Ophthalmology Specialist,REG0000416,Ophthalmology,,,
417,3,REG0000417 Paediatric Medicine Specialist,REG0000417,Paediatric Medicine,,,
418,3,REG0000418 Neurosurgery Specialist,REG0000418,Neurosurgery,,,
419,3,REG0000419 Respiratory Medicine Specialist,REG0000419,Respiratory Medicine,,,
420,1,REG0000420 Obstetrics & Gynaecology Specialist,REG0000420,Obstetrics & Gynaecology,,,
421,3,REG0000421 Obstetrics & Gynaecology Specialist,REG0000421,Obstetrics & Gynaecology,,,
422,3,REG0000422 Radiation Oncology Specialist,REG0000422,Radiation Oncology,,,
423,1,REG0000423 Neurosurgery Specialist,REG0000423,Neurosurgery,,,
424,3,REG0000424 Neurology Specialist,REG0000424,Neurology,,,
425,3,REG0000425 Obstetrics & Gynaecology Specialist,REG0000425,Obstetrics & Gynaecology,,,
426,3,REG0000426 Radiation Oncology Specialist,REG0000426,Radiation Oncology,,,
427,1,REG0000427 Cardiology Specialist,REG0000427,Cardiology,,,
428,3,REG0000428 Radiation Oncology Specialist,REG0000428,Radiation Oncology,,,
429,3,REG0000429 Obstetrics & Gynaecology Specialist,REG0000429,Obstetrics & Gynaecology,,,
430,3,REG0000430 Ophthalmology Specialist,REG0000430,Ophthalmology,,,
431,3,REG0000431 Internal Medicine Specialist,REG0000431,Internal Medicine,,,
432,3,REG0000432 Obstetrics & Gynaecology Specialist,REG0000432,Obstetrics & Gynaecology,,,
433,3,D0000433 Oral & Maxillo-Facial Surgery Specialist,D0000433,Oral & Maxillo-Facial Surgery,,,
434,3,REG0000434 Plastic Surgery Specialist,REG0000434,Plastic Surgery,,,
435,3,REG0000435 Ophthalmology Specialist,REG0000435,Ophthalmology,,,
436,3,REG0000436 Renal Medicine Specialist,REG0000436,Renal Medicine,,,
437,3,REG0000437 General Surgery Specialist,REG0000437,General Surgery,,,
438,3,REG0000438 Obstetrics & Gynaecology Specialist,REG0000438,Obstetrics & Gynaecology,,,
439,3,REG0000439 Orthopaedic Surgery Specialist,REG0000439,Orthopaedic Surgery,,,
440,3,REG0000440 General Surgery Specialist,REG0000440,General Surgery,,,
441,1,REG0000441 Anaesthesiology Specialist,REG0000441,Anaesthesiology,,,
442,3,REG0000442 Obstetrics & Gynaecology Specialist,REG0000442,Obstetrics & Gynaecology,,,
443,3,REG0000443 Obstetrics & Gynaecology Specialist,REG0000443,Obstetrics & Gynaecology,,,
444,1,REG0000444 Respiratory Medicine Specialist,REG0000444,Respiratory Medicine,,,
445,3,REG0000445 Hand Surgery Specialist,REG0000445,Hand Surgery,,,
446,3,REG0000446 Obstetrics & Gynaecology Specialist,REG0000446,Obstetrics & Gynaecology,,,
447,3,REG0000447 Obstetrics & Gynaecology Specialist,REG0000447,Obstetrics & Gynaecology,,,
448,3,REG0000448 Plastic Surgery Specialist,REG0000448,Plastic Surgery,,,
449,3,REG0000449 Orthopaedic Surgery Specialist,REG0000449,Orthopaedic Surgery,,,
450,3,REG0000450 Ophthalmology Specialist,REG0000450,Ophthalmology,,,
451,3,REG0000451 Otorhinolaryngology Specialist,REG0000451,Otorhinolaryngology,,,
452,3,REG0000452 Otorhinolaryngology Specialist,REG0000452,Otorhinolaryngology,1,1/22/2018,12/31/9999
453,3,REG0000453 Cardiology Specialist,REG0000453,Cardiology,,,
454,3,REG0000454 Gastroenterology Specialist,REG0000454,Gastroenterology,,,
455,1,REG0000455 General Surgery Specialist,REG0000455,General Surgery,,,
456,3,REG0000456 Medical Oncology Specialist,REG0000456,Medical Oncology,,,
457,3,REG0000457 General Surgery Specialist,REG0000457,General Surgery,,,
458,3,REG0000458 Orthopaedic Surgery Specialist,REG0000458,Orthopaedic Surgery,,,
459,3,REG0000459 Urology Specialist,REG0000459,Urology,,,
460,3,REG0000460 Orthopaedic Surgery Specialist,REG0000460,Orthopaedic Surgery,,,
461,3,REG0000461 Obstetrics & Gynaecology Specialist,REG0000461,Obstetrics & Gynaecology,,,
462,3,REG0000462 General Surgery Specialist,REG0000462,General Surgery,,,
463,3,REG0000463 Obstetrics & Gynaecology Specialist,REG0000463,Obstetrics & Gynaecology,,,
464,1,REG0000464 Urology Specialist,REG0000464,Urology,,,
465,3,REG0000465 Ophthalmology Specialist,REG0000465,Ophthalmology,,,
466,3,REG0000466 Psychiatry Specialist,REG0000466,Psychiatry,,,
467,3,REG0000467 Paediatric Medicine Specialist,REG0000467,Paediatric Medicine,,,
468,3,REG0000468 Gastroenterology Specialist,REG0000468,Gastroenterology,,,
469,3,REG0000469 Paediatric Medicine Specialist,REG0000469,Paediatric Medicine,,,
470,1,REG0000470 Orthopaedic Surgery Specialist,REG0000470,Orthopaedic Surgery,,,
471,3,REG0000471 Obstetrics & Gynaecology Specialist,REG0000471,Obstetrics & Gynaecology,,,
472,3,REG0000472 Hand Surgery Specialist,REG0000472,Hand Surgery,,,
473,3,REG0000473 Gastroenterology Specialist,REG0000473,Gastroenterology,,,
474,3,REG0000474 Obstetrics & Gynaecology Specialist,REG0000474,Obstetrics & Gynaecology,,,
475,3,REG0000475 Psychiatry Specialist,REG0000475,Psychiatry,,,
476,3,REG0000476 Endocrinology Specialist,REG0000476,Endocrinology,,,
477,3,REG0000477 Cardiology Specialist,REG0000477,Cardiology,,,
478,3,REG0000478 Paediatric Medicine Specialist,REG0000478,Paediatric Medicine,,,
479,3,REG0000479 Paediatric Medicine Specialist,REG0000479,Paediatric Medicine,,,
480,1,REG0000480 Cardiothoracic Surgery Specialist,REG0000480,Cardiothoracic Surgery,,,
481,3,REG0000481 General Surgery Specialist,REG0000481,General Surgery,,,
482,3,REG0000482 Renal Medicine Specialist,REG0000482,Renal Medicine,,,
483,1,REG0000483 Cardiology Specialist,REG0000483,Cardiology,,,
484,3,REG0000484 Cardiology Specialist,REG0000484,Cardiology,1,4/10/2018,12/31/9999
485,3,REG0000485 Medical Oncology Specialist,REG0000485,Medical Oncology,,,
486,3,REG0000486 Otorhinolaryngology Specialist,REG0000486,Otorhinolaryngology,,,
487,3,REG0000487 Urology Specialist,REG0000487,Urology,,,
488,3,REG0000488 Medical Oncology Specialist,REG0000488,Medical Oncology,,,
489,3,REG0000489 Ophthalmology Specialist,REG0000489,Ophthalmology,,,
490,1,REG0000490 Cardiology Specialist,REG0000490,Cardiology,,,
491,1,REG0000491 Otorhinolaryngology Specialist,REG0000491,Otorhinolaryngology,,,
492,3,REG0000492 General Surgery Specialist,REG0000492,General Surgery,,,
493,3,REG0000493 Orthopaedic Surgery Specialist,REG0000493,Orthopaedic Surgery,,,
494,3,REG0000494 Plastic Surgery Specialist,REG0000494,Plastic Surgery,,,
495,3,REG0000495 Dermatology Specialist,REG0000495,Dermatology,,,
496,1,REG0000496 Dermatology Specialist,REG0000496,Dermatology,,,
497,3,REG0000497 Orthopaedic Surgery Specialist,REG0000497,Orthopaedic Surgery,,,
498,3,REG0000498 Otorhinolaryngology Specialist,REG0000498,Otorhinolaryngology,,,
499,3,D0000499 Oral & Maxillo-Facial Surgery Specialist,D0000499,Oral & Maxillo-Facial Surgery,,,
500,1,REG0000500 General Surgery Specialist,REG0000500,General Surgery,,,
501,3,REG0000501 Gastroenterology Specialist,REG0000501,Gastroenterology,,,
502,3,REG0000502 Paediatric Medicine Specialist,REG0000502,Paediatric Medicine,,,
503,1,REG0000503 Haematology Specialist,REG0000503,Haematology,,,
504,3,REG0000504 Obstetrics & Gynaecology Specialist,REG0000504,Obstetrics & Gynaecology,,,
505,3,REG0000505 Ophthalmology Specialist,REG0000505,Ophthalmology,,,
506,3,REG0000506 Ophthalmology Specialist,REG0000506,Ophthalmology,,,
507,3,REG0000507 Paediatric Medicine Specialist,REG0000507,Paediatric Medicine,,,
508,3,REG0000508 Neurology Specialist,REG0000508,Neurology,,,
509,3,REG0000509 Orthopaedic Surgery Specialist,REG0000509,Orthopaedic Surgery,,,
510,3,REG0000510 Obstetrics & Gynaecology Specialist,REG0000510,Obstetrics & Gynaecology,,,
511,3,REG0000511 Obstetrics & Gynaecology Specialist,REG0000511,Obstetrics & Gynaecology,,,
512,3,REG0000512 Obstetrics & Gynaecology Specialist,REG0000512,Obstetrics & Gynaecology,,,
513,3,REG0000513 Orthopaedic Surgery Specialist,REG0000513,Orthopaedic Surgery,,,
514,3,REG0000514 Paediatric Medicine Specialist,REG0000514,Paediatric Medicine,,,
515,3,REG0000515 Ophthalmology Specialist,REG0000515,Ophthalmology,1,11/26/2018,12/31/9999
516,3,REG0000516 Cardiology Specialist,REG0000516,Cardiology,,,
517,3,REG0000517 Obstetrics & Gynaecology Specialist,REG0000517,Obstetrics & Gynaecology,,,
518,3,REG0000518 Obstetrics & Gynaecology Specialist,REG0000518,Obstetrics & Gynaecology,,,
519,3,REG0000519 General Surgery Specialist,REG0000519,General Surgery,,,
520,1,REG0000520 Dermatology Specialist,REG0000520,Dermatology,,,
521,3,REG0000521 Urology Specialist,REG0000521,Urology,,,
522,3,REG0000522 Ophthalmology Specialist,REG0000522,Ophthalmology,,,
523,3,REG0000523 General Surgery Specialist,REG0000523,General Surgery,,,
524,3,REG0000524 Paediatric Medicine Specialist,REG0000524,Paediatric Medicine,,,
525,1,REG0000525 Paediatric Medicine Specialist,REG0000525,Paediatric Medicine,,,
526,3,REG0000526 Cardiology Specialist,REG0000526,Cardiology,,,
527,3,REG0000527 Obstetrics & Gynaecology Specialist,REG0000527,Obstetrics & Gynaecology,,,
528,1,REG0000528 Cardiothoracic Surgery Specialist,REG0000528,Cardiothoracic Surgery,,,
529,3,REG0000529 Orthopaedic Surgery Specialist,REG0000529,Orthopaedic Surgery,1,1/22/2018,12/31/9999
530,3,REG0000530 General Surgery Specialist,REG0000530,General Surgery,,,
531,3,REG0000531 Obstetrics & Gynaecology Specialist,REG0000531,Obstetrics & Gynaecology,,,
532,3,REG0000532 Haematology Specialist,REG0000532,Haematology,,,
533,3,REG0000533 Medical Oncology Specialist,REG0000533,Medical Oncology,,,
534,3,REG0000534 Diagnostic Radiology Specialist,REG0000534,Diagnostic Radiology,,,
535,3,REG0000535 Orthopaedic Surgery Specialist,REG0000535,Orthopaedic Surgery,,,
536,1,REG0000536 Respiratory Medicine Specialist,REG0000536,Respiratory Medicine,,,
537,3,REG0000537 Medical Oncology Specialist,REG0000537,Medical Oncology,,,
538,3,REG0000538 Obstetrics & Gynaecology Specialist,REG0000538,Obstetrics & Gynaecology,,,
539,3,REG0000539 Endocrinology Specialist,REG0000539,Endocrinology,,,
540,3,REG0000540 Paediatric Medicine Specialist,REG0000540,Paediatric Medicine,,,
541,3,REG0000541 Otorhinolaryngology Specialist,REG0000541,Otorhinolaryngology,,,
542,1,REG0000542 Anaesthesiology Specialist,REG0000542,Anaesthesiology,,,
543,3,REG0000543 Ophthalmology Specialist,REG0000543,Ophthalmology,,,
544,3,REG0000544 Renal Medicine Specialist,REG0000544,Renal Medicine,,,
545,3,REG0000545 Gastroenterology Specialist,REG0000545,Gastroenterology,1,5/10/2018,12/31/9999
546,3,REG0000546 Obstetrics & Gynaecology Specialist,REG0000546,Obstetrics & Gynaecology,,,
547,3,REG0000547 Dermatology Specialist,REG0000547,Dermatology,,,
548,3,REG0000548 Obstetrics & Gynaecology Specialist,REG0000548,Obstetrics & Gynaecology,,,
549,3,REG0000549 Obstetrics & Gynaecology Specialist,REG0000549,Obstetrics & Gynaecology,,,
550,3,D0000550 Oral & Maxillo-Facial Surgery Specialist,D0000550,Oral & Maxillo-Facial Surgery,,,
551,3,REG0000551 Hand Surgery Specialist,REG0000551,Hand Surgery,,,
552,1,REG0000552 Respiratory Medicine Specialist,REG0000552,Respiratory Medicine,,,
553,3,REG0000553 General Surgery Specialist,REG0000553,General Surgery,,,
554,3,REG0000554 Ophthalmology Specialist,REG0000554,Ophthalmology,,,
555,3,REG0000555 Paediatric Medicine Specialist,REG0000555,Paediatric Medicine,,,
556,3,REG0000556 General Surgery Specialist,REG0000556,General Surgery,,,
557,3,REG0000557 Paediatric Medicine Specialist,REG0000557,Paediatric Medicine,,,
558,3,REG0000558 Cardiology Specialist,REG0000558,Cardiology,,,
559,3,D0000559 Oral & Maxillo-Facial Surgery Specialist,D0000559,Oral & Maxillo-Facial Surgery,,,
560,3,REG0000560 General Surgery Specialist,REG0000560,General Surgery,,,
561,3,REG0000561 Obstetrics & Gynaecology Specialist,REG0000561,Obstetrics & Gynaecology,,,
562,1,REG0000562 Otorhinolaryngology Specialist,REG0000562,Otorhinolaryngology,,,
563,3,REG0000563 Nuclear Medicine Specialist,REG0000563,Nuclear Medicine,,,
564,3,REG0000564 Obstetrics & Gynaecology Specialist,REG0000564,Obstetrics & Gynaecology,,,
565,1,REG0000565 Gastroenterology Specialist,REG0000565,Gastroenterology,,,
566,1,REG0000566 Rheumatology Specialist,REG0000566,Rheumatology,,,
567,3,REG0000567 Obstetrics & Gynaecology Specialist,REG0000567,Obstetrics & Gynaecology,,,
568,3,REG0000568 Gastroenterology Specialist,REG0000568,Gastroenterology,,,
569,3,D0000569 Oral & Maxillo-Facial Surgery Specialist,D0000569,Oral & Maxillo-Facial Surgery,,,
570,3,D0000570 Oral & Maxillo-Facial Surgery Specialist,D0000570,Oral & Maxillo-Facial Surgery,,,
571,3,REG0000571 Cardiology Specialist,REG0000571,Cardiology,,,
572,3,REG0000572 Plastic Surgery Specialist,REG0000572,Plastic Surgery,,,
573,1,REG0000573 Endocrinology Specialist,REG0000573,Endocrinology,,,
574,3,REG0000574 Otorhinolaryngology Specialist,REG0000574,Otorhinolaryngology,,,
575,3,D0000575 Periodontology Specialist,D0000575,Periodontology,,,
576,3,D0000576 Periodontology Specialist,D0000576,Periodontology,,,
577,3,REG0000577 Orthopaedic Surgery Specialist,REG0000577,Orthopaedic Surgery,,,
578,1,REG0000578 Plastic Surgery Specialist,REG0000578,Plastic Surgery,,,
579,1,REG0000579 Orthopaedic Surgery Specialist,REG0000579,Orthopaedic Surgery,,,
580,3,REG0000580 Renal Medicine Specialist,REG0000580,Renal Medicine,,,
581,3,REG0000581 Medical Oncology Specialist,REG0000581,Medical Oncology,,,
582,3,REG0000582 Internal Medicine Specialist,REG0000582,Internal Medicine,,,
583,3,REG0000583 Paediatric Medicine Specialist,REG0000583,Paediatric Medicine,,,
584,3,REG0000584 Ophthalmology Specialist,REG0000584,Ophthalmology,,,
585,3,REG0000585 Cardiology Specialist,REG0000585,Cardiology,,,
586,3,REG0000586 General Surgery Specialist,REG0000586,General Surgery,,,
587,3,REG0000587 Cardiology Specialist,REG0000587,Cardiology,,,
588,3,REG0000588 Obstetrics & Gynaecology Specialist,REG0000588,Obstetrics & Gynaecology,,,
589,3,REG0000589 Cardiology Specialist,REG0000589,Cardiology,,,
590,1,REG0000590 Psychiatry Specialist,REG0000590,Psychiatry,,,
591,1,REG0000591 Cardiology Specialist,REG0000591,Cardiology,,,
592,1,REG0000592 Urology Specialist,REG0000592,Urology,,,
593,3,REG0000593 Obstetrics & Gynaecology Specialist,REG0000593,Obstetrics & Gynaecology,,,
594,3,REG0000594 General Surgery Specialist,REG0000594,General Surgery,,,
595,3,REG0000595 Paediatric Medicine Specialist,REG0000595,Paediatric Medicine,,,
596,3,REG0000596 Orthopaedic Surgery Specialist,REG0000596,Orthopaedic Surgery,,,
597,1,REG0000597 Respiratory Medicine Specialist,REG0000597,Respiratory Medicine,,,
598,3,REG0000598 Endocrinology Specialist,REG0000598,Endocrinology,,,
599,3,D0000599 Oral & Maxillo-Facial Surgery Specialist,D0000599,Oral & Maxillo-Facial Surgery,,,
600,3,REG0000600 Haematology Specialist,REG0000600,Haematology,,,
601,1,REG0000601 Neurosurgery Specialist,REG0000601,Neurosurgery,,,
602,3,REG0000602 Endocrinology Specialist,REG0000602,Endocrinology,,,
603,3,REG0000603 Neurology Specialist,REG0000603,Neurology,,,
604,1,REG0000604 General Surgery Specialist,REG0000604,General Surgery,,,
605,1,REG0000605 Cardiology Specialist,REG0000605,Cardiology,,,
606,1,REG0000606 Cardiology Specialist,REG0000606,Cardiology,,,
607,1,REG0000607 Paediatric Medicine Specialist,REG0000607,Paediatric Medicine,,,
608,1,REG0000608 Dermatology Specialist,REG0000608,Dermatology,,,
609,1,REG0000609 Neurosurgery Specialist,REG0000609,Neurosurgery,,,
610,3,REG0000610 Haematology Specialist,REG0000610,Haematology,,,
611,3,REG0000611 Obstetrics & Gynaecology Specialist,REG0000611,Obstetrics & Gynaecology,,,
612,3,REG0000612 Plastic Surgery Specialist,REG0000612,Plastic Surgery,,,
613,3,REG0000613 Renal Medicine Specialist,REG0000613,Renal Medicine,,,
614,3,REG0000614 Obstetrics & Gynaecology Specialist,REG0000614,Obstetrics & Gynaecology,,,
615,3,REG0000615 Otorhinolaryngology Specialist,REG0000615,Otorhinolaryngology,,,
616,3,REG0000616 Paediatric Medicine Specialist,REG0000616,Paediatric Medicine,,,
617,3,REG0000617 Orthopaedic Surgery Specialist,REG0000617,Orthopaedic Surgery,,,
618,3,REG0000618 Plastic Surgery Specialist,REG0000618,Plastic Surgery,,,
619,1,REG0000619 Ophthalmology Specialist,REG0000619,Ophthalmology,,,
620,3,REG0000620 General Surgery Specialist,REG0000620,General Surgery,,,
621,3,REG0000621 Psychiatry Specialist,REG0000621,Psychiatry,,,
622,3,REG0000622 Cardiology Specialist,REG0000622,Cardiology,,,
623,3,REG0000623 Obstetrics & Gynaecology Specialist,REG0000623,Obstetrics & Gynaecology,,,
624,3,REG0000624 General Surgery Specialist,REG0000624,General Surgery,,,
625,3,REG0000625 Obstetrics & Gynaecology Specialist,REG0000625,Obstetrics & Gynaecology,,,
626,3,REG0000626 Ophthalmology Specialist,REG0000626,Ophthalmology,,,
627,3,REG0000627 Paediatric Medicine Specialist,REG0000627,Paediatric Medicine,,,
628,3,REG0000628 Orthopaedic Surgery Specialist,REG0000628,Orthopaedic Surgery,,,
629,1,REG0000629 Urology Specialist,REG0000629,Urology,,,
630,1,REG0000630 Dermatology Specialist,REG0000630,Dermatology,,,
631,3,REG0000631 Paediatric Medicine Specialist,REG0000631,Paediatric Medicine,,,
632,3,REG0000632 Cardiology Specialist,REG0000632,Cardiology,,,
633,3,REG0000633 Obstetrics & Gynaecology Specialist,REG0000633,Obstetrics & Gynaecology,,,
634,1,REG0000634 Respiratory Medicine Specialist,REG0000634,Respiratory Medicine,,,
635,3,REG0000635 General Surgery Specialist,REG0000635,General Surgery,,,
636,1,REG0000636 Cardiothoracic Surgery Specialist,REG0000636,Cardiothoracic Surgery,,,
637,3,REG0000637 General Surgery Specialist,REG0000637,General Surgery,,,
638,3,REG0000638 Diagnostic Radiology Specialist,REG0000638,Diagnostic Radiology,,,
639,3,REG0000639 Cardiology Specialist,REG0000639,Cardiology,,,
640,3,REG0000640 Nuclear Medicine Specialist,REG0000640,Nuclear Medicine,,,
641,3,REG0000641 Ophthalmology Specialist,REG0000641,Ophthalmology,,,
642,1,REG0000642 Plastic Surgery Specialist,REG0000642,Plastic Surgery,,,
643,3,REG0000643 Paediatric Medicine Specialist,REG0000643,Paediatric Medicine,,,
644,3,REG0000644 Obstetrics & Gynaecology Specialist,REG0000644,Obstetrics & Gynaecology,,,
645,3,REG0000645 Otorhinolaryngology Specialist,REG0000645,Otorhinolaryngology,,,
646,3,REG0000646 General Surgery Specialist,REG0000646,General Surgery,,,
647,3,REG0000647 Gastroenterology Specialist,REG0000647,Gastroenterology,,,
648,3,REG0000648 Obstetrics & Gynaecology Specialist,REG0000648,Obstetrics & Gynaecology,,,
649,3,REG0000649 Orthopaedic Surgery Specialist,REG0000649,Orthopaedic Surgery,,,
650,3,REG0000650 Cardiology Specialist,REG0000650,Cardiology,,,
651,3,REG0000651 Medical Oncology Specialist,REG0000651,Medical Oncology,,,
652,3,REG0000652 Orthopaedic Surgery Specialist,REG0000652,Orthopaedic Surgery,,,
653,3,REG0000653 Neurology Specialist,REG0000653,Neurology,,,
654,3,REG0000654 Ophthalmology Specialist,REG0000654,Ophthalmology,,,
655,1,REG0000655 Orthopaedic Surgery Specialist,REG0000655,Orthopaedic Surgery,,,
656,3,REG0000656 General Surgery Specialist,REG0000656,General Surgery,,,
657,3,REG0000657 Ophthalmology Specialist,REG0000657,Ophthalmology,,,
658,3,REG0000658 Otorhinolaryngology Specialist,REG0000658,Otorhinolaryngology,1,1/22/2018,12/31/9999
659,3,REG0000659 Otorhinolaryngology Specialist,REG0000659,Otorhinolaryngology,,,
660,3,REG0000660 Urology Specialist,REG0000660,Urology,,,
661,3,REG0000661 Orthopaedic Surgery Specialist,REG0000661,Orthopaedic Surgery,,,
662,1,REG0000662 Hand Surgery Specialist,REG0000662,Hand Surgery,,,
663,3,REG0000663 Ophthalmology Specialist,REG0000663,Ophthalmology,,,
664,1,REG0000664 Anaesthesiology Specialist,REG0000664,Anaesthesiology,,,
665,3,REG0000665 Ophthalmology Specialist,REG0000665,Ophthalmology,,,
666,3,REG0000666 Ophthalmology Specialist,REG0000666,Ophthalmology,,,
667,1,REG0000667 Anaesthesiology Specialist,REG0000667,Anaesthesiology,,,
668,3,REG0000668 Obstetrics & Gynaecology Specialist,REG0000668,Obstetrics & Gynaecology,,,
669,3,REG0000669 Anaesthesiology Specialist,REG0000669,Anaesthesiology,,,
670,3,REG0000670 Paediatric Medicine Specialist,REG0000670,Paediatric Medicine,,,
671,3,REG0000671 Neurosurgery Specialist,REG0000671,Neurosurgery,1,1/22/2018,12/31/9999
672,3,REG0000672 Orthopaedic Surgery Specialist,REG0000672,Orthopaedic Surgery,,,
673,3,REG0000673 Urology Specialist,REG0000673,Urology,,,
674,3,REG0000674 Urology Specialist,REG0000674,Urology,,,
675,1,REG0000675 Internal Medicine Specialist,REG0000675,Internal Medicine,,,
676,3,REG0000676 Obstetrics & Gynaecology Specialist,REG0000676,Obstetrics & Gynaecology,,,
677,1,REG0000677 Medical Oncology Specialist,REG0000677,Medical Oncology,,,
678,3,REG0000678 Plastic Surgery Specialist,REG0000678,Plastic Surgery,,,
679,1,REG0000679 Ophthalmology Specialist,REG0000679,Ophthalmology,,,
680,3,D0000680 Paediatric Dentistry Specialist,D0000680,Paediatric Dentistry,,,
681,3,REG0000681 Paediatric Medicine Specialist,REG0000681,Paediatric Medicine,,,
682,3,REG0000682 Renal Medicine Specialist,REG0000682,Renal Medicine,,,
683,3,REG0000683 General Surgery Specialist,REG0000683,General Surgery,,,
684,3,REG0000684 Gastroenterology Specialist,REG0000684,Gastroenterology,,,
685,3,REG0000685 Orthopaedic Surgery Specialist,REG0000685,Orthopaedic Surgery,,,
686,3,REG0000686 Urology Specialist,REG0000686,Urology,,,
687,3,REG0000687 Obstetrics & Gynaecology Specialist,REG0000687,Obstetrics & Gynaecology,,,
688,3,REG0000688 Cardiology Specialist,REG0000688,Cardiology,,,
689,3,REG0000689 Internal Medicine Specialist,REG0000689,Internal Medicine,,,
690,3,REG0000690 Orthopaedic Surgery Specialist,REG0000690,Orthopaedic Surgery,1,9/24/2018,12/31/9999
691,3,REG0000691 General Surgery Specialist,REG0000691,General Surgery,,,
692,3,REG0000692 General Surgery Specialist,REG0000692,General Surgery,,,
693,3,REG0000693 Paediatric Medicine Specialist,REG0000693,Paediatric Medicine,,,
694,3,REG0000694 General Surgery Specialist,REG0000694,General Surgery,,,
695,3,REG0000695 General Surgery Specialist,REG0000695,General Surgery,,,
696,3,REG0000696 Orthopaedic Surgery Specialist,REG0000696,Orthopaedic Surgery,1,9/24/2018,12/31/9999
697,3,REG0000697 General Surgery Specialist,REG0000697,General Surgery,,,
698,3,REG0000698 Orthopaedic Surgery Specialist,REG0000698,Orthopaedic Surgery,1,1/22/2018,12/31/9999
699,3,REG0000699 Obstetrics & Gynaecology Specialist,REG0000699,Obstetrics & Gynaecology,,,
700,1,REG0000700 Renal Medicine Specialist,REG0000700,Renal Medicine,,,
701,3,REG0000701 General Surgery Specialist,REG0000701,General Surgery,,,
702,3,REG0000702 Orthopaedic Surgery Specialist,REG0000702,Orthopaedic Surgery,,,
703,3,REG0000703 Orthopaedic Surgery Specialist,REG0000703,Orthopaedic Surgery,,,
704,3,REG0000704 Cardiothoracic Surgery Specialist,REG0000704,Cardiothoracic Surgery,,,
705,3,REG0000705 Orthopaedic Surgery Specialist,REG0000705,Orthopaedic Surgery,,,
706,3,REG0000706 General Surgery Specialist,REG0000706,General Surgery,,,
707,3,REG0000707 Plastic Surgery Specialist,REG0000707,Plastic Surgery,,,
708,3,REG0000708 Ophthalmology Specialist,REG0000708,Ophthalmology,1,4/10/2018,12/31/9999
709,3,REG0000709 Ophthalmology Specialist,REG0000709,Ophthalmology,,,
710,3,D0000710 Oral & Maxillo-Facial Surgery Specialist,D0000710,Oral & Maxillo-Facial Surgery,,,
711,1,REG0000711 Orthopaedic Surgery Specialist,REG0000711,Orthopaedic Surgery,,,
712,3,REG0000712 General Surgery Specialist,REG0000712,General Surgery,,,
713,3,REG0000713 Medical Oncology Specialist,REG0000713,Medical Oncology,,,
714,3,REG0000714 General Surgery Specialist,REG0000714,General Surgery,,,
715,3,REG0000715 Ophthalmology Specialist,REG0000715,Ophthalmology,,,
716,3,REG0000716 Obstetrics & Gynaecology Specialist,REG0000716,Obstetrics & Gynaecology,,,
717,3,REG0000717 Paediatric Medicine Specialist,REG0000717,Paediatric Medicine,,,
718,3,REG0000718 Psychiatry Specialist,REG0000718,Psychiatry,,,
719,3,REG0000719 General Surgery Specialist,REG0000719,General Surgery,,,
720,3,REG0000720 Orthopaedic Surgery Specialist,REG0000720,Orthopaedic Surgery,1,9/24/2018,12/31/9999
721,3,REG0000721 Orthopaedic Surgery Specialist,REG0000721,Orthopaedic Surgery,,,
722,3,REG0000722 Diagnostic Radiology Specialist,REG0000722,Diagnostic Radiology,,,
723,3,REG0000723 General Surgery Specialist,REG0000723,General Surgery,,,
724,3,REG0000724 Rheumatology Specialist,REG0000724,Rheumatology,,,
725,3,REG0000725 Plastic Surgery Specialist,REG0000725,Plastic Surgery,,,
726,3,REG0000726 Paediatric Surgery Specialist,REG0000726,Paediatric Surgery,1,9/24/2018,12/31/9999
727,3,REG0000727 Ophthalmology Specialist,REG0000727,Ophthalmology,,,
728,1,REG0000728 Urology Specialist,REG0000728,Urology,,,
729,3,REG0000729 Obstetrics & Gynaecology Specialist,REG0000729,Obstetrics & Gynaecology,,,
730,3,REG0000730 Psychiatry Specialist,REG0000730,Psychiatry,,,
731,3,REG0000731 General Surgery Specialist,REG0000731,General Surgery,,,
732,3,REG0000732 Obstetrics & Gynaecology Specialist,REG0000732,Obstetrics & Gynaecology,,,
733,3,REG0000733 Otorhinolaryngology Specialist,REG0000733,Otorhinolaryngology,,,
734,1,REG0000734 Neurology Specialist,REG0000734,Neurology,,,
735,3,REG0000735 Orthopaedic Surgery Specialist,REG0000735,Orthopaedic Surgery,,,
736,3,REG0000736 Geriatric Medicine Specialist,REG0000736,Geriatric Medicine,,,
737,1,REG0000737 Renal Medicine Specialist,REG0000737,Renal Medicine,,,
738,3,REG0000738 Paediatric Medicine Specialist,REG0000738,Paediatric Medicine,,,
739,3,REG0000739 Cardiothoracic Surgery Specialist,REG0000739,Cardiothoracic Surgery,,,
740,3,REG0000740 General Surgery Specialist,REG0000740,General Surgery,,,
741,3,REG0000741 Plastic Surgery Specialist,REG0000741,Plastic Surgery,,,
742,3,REG0000742 Otorhinolaryngology Specialist,REG0000742,Otorhinolaryngology,,,
743,3,REG0000743 Medical Oncology Specialist,REG0000743,Medical Oncology,,,
744,1,REG0000744 Endocrinology Specialist,REG0000744,Endocrinology,,,
745,3,REG0000745 Orthopaedic Surgery Specialist,REG0000745,Orthopaedic Surgery,,,
746,3,REG0000746 General Surgery Specialist,REG0000746,General Surgery,1,12/18/2018,12/31/9999
747,3,REG0000747 Cardiology Specialist,REG0000747,Cardiology,,,
748,1,REG0000748 Endocrinology Specialist,REG0000748,Endocrinology,,,
749,3,REG0000749 Orthopaedic Surgery Specialist,REG0000749,Orthopaedic Surgery,,,
750,3,REG0000750 Obstetrics & Gynaecology Specialist,REG0000750,Obstetrics & Gynaecology,,,
751,3,REG0000751 Paediatric Medicine Specialist,REG0000751,Paediatric Medicine,,,
752,3,REG0000752 Respiratory Medicine Specialist,REG0000752,Respiratory Medicine,,,
753,1,REG0000753 Orthopaedic Surgery Specialist,REG0000753,Orthopaedic Surgery,,,
754,3,REG0000754 Ophthalmology Specialist,REG0000754,Ophthalmology,,,
755,1,REG0000755 Cardiothoracic Surgery Specialist,REG0000755,Cardiothoracic Surgery,,,
756,3,REG0000756 General Surgery Specialist,REG0000756,General Surgery,,,
757,3,REG0000757 Obstetrics & Gynaecology Specialist,REG0000757,Obstetrics & Gynaecology,,,
758,3,REG0000758 General Surgery Specialist,REG0000758,General Surgery,,,
759,3,REG0000759 General Surgery Specialist,REG0000759,General Surgery,,,
760,1,REG0000760 Respiratory Medicine Specialist,REG0000760,Respiratory Medicine,,,
761,3,REG0000761 Ophthalmology Specialist,REG0000761,Ophthalmology,,,
762,1,REG0000762 Urology Specialist,REG0000762,Urology,,,
763,1,REG0000763 Radiation Oncology Specialist,REG0000763,Radiation Oncology,,,
764,3,REG0000764 Neurology Specialist,REG0000764,Neurology,,,
765,3,REG0000765 Endocrinology Specialist,REG0000765,Endocrinology,,,
766,3,REG0000766 Obstetrics & Gynaecology Specialist,REG0000766,Obstetrics & Gynaecology,,,
767,3,REG0000767 Gastroenterology Specialist,REG0000767,Gastroenterology,1,7/11/2018,12/31/9999
768,3,REG0000768 Orthopaedic Surgery Specialist,REG0000768,Orthopaedic Surgery,,,
769,3,REG0000769 Cardiology Specialist,REG0000769,Cardiology,,,
770,3,REG0000770 Orthopaedic Surgery Specialist,REG0000770,Orthopaedic Surgery,,,
771,1,REG0000771 Renal Medicine Specialist,REG0000771,Renal Medicine,,,
772,3,REG0000772 Psychiatry Specialist,REG0000772,Psychiatry,,,
773,1,REG0000773 Orthopaedic Surgery Specialist,REG0000773,Orthopaedic Surgery,,,
774,3,REG0000774 Dermatology Specialist,REG0000774,Dermatology,,,
775,3,REG0000775 Urology Specialist,REG0000775,Urology,,,
776,3,REG0000776 Cardiology Specialist,REG0000776,Cardiology,,,
777,3,REG0000777 Endocrinology Specialist,REG0000777,Endocrinology,,,
778,3,REG0000778 Obstetrics & Gynaecology Specialist,REG0000778,Obstetrics & Gynaecology,,,
779,3,REG0000779 Obstetrics & Gynaecology Specialist,REG0000779,Obstetrics & Gynaecology,,,
780,3,REG0000780 General Surgery Specialist,REG0000780,General Surgery,,,
781,3,REG0000781 Dermatology Specialist,REG0000781,Dermatology,,,
782,1,REG0000782 Anaesthesiology Specialist,REG0000782,Anaesthesiology,,,
783,3,REG0000783 General Surgery Specialist,REG0000783,General Surgery,,,
784,3,REG0000784 Internal Medicine Specialist,REG0000784,Internal Medicine,,,
785,3,REG0000785 Orthopaedic Surgery Specialist,REG0000785,Orthopaedic Surgery,,,
786,3,REG0000786 Family Physician Specialist,REG0000786,Family Physician,1,12/20/2018,12/31/9999
787,3,REG0000787 Gastroenterology Specialist,REG0000787,Gastroenterology,,,
788,3,REG0000788 Urology Specialist,REG0000788,Urology,,,
789,3,REG0000789 Paediatric Medicine Specialist,REG0000789,Paediatric Medicine,,,
790,3,REG0000790 Paediatric Medicine Specialist,REG0000790,Paediatric Medicine,,,
791,3,REG0000791 Orthopaedic Surgery Specialist,REG0000791,Orthopaedic Surgery,,,
792,3,REG0000792 Orthopaedic Surgery Specialist,REG0000792,Orthopaedic Surgery,,,
793,1,REG0000793 General Surgery Specialist,REG0000793,General Surgery,,,
794,3,REG0000794 General Surgery Specialist,REG0000794,General Surgery,,,
795,3,REG0000795 Obstetrics & Gynaecology Specialist,REG0000795,Obstetrics & Gynaecology,,,
796,3,REG0000796 Otorhinolaryngology Specialist,REG0000796,Otorhinolaryngology,,,
797,3,REG0000797 Orthopaedic Surgery Specialist,REG0000797,Orthopaedic Surgery,,,
798,1,REG0000798 Neurology Specialist,REG0000798,Neurology,,,
799,3,REG0000799 Endocrinology Specialist,REG0000799,Endocrinology,,,
800,1,REG0000800 Urology Specialist,REG0000800,Urology,,,
801,1,REG0000801 Dermatology Specialist,REG0000801,Dermatology,,,
802,3,REG0000802 Otorhinolaryngology Specialist,REG0000802,Otorhinolaryngology,,,
803,1,REG0000803 Cardiology Specialist,REG0000803,Cardiology,,,
804,3,REG0000804 Cardiology Specialist,REG0000804,Cardiology,,,
805,3,REG0000805 Paediatric Medicine Specialist,REG0000805,Paediatric Medicine,,,
806,3,D0000806 Oral & Maxillo-Facial Surgery Specialist,D0000806,Oral & Maxillo-Facial Surgery,,,
807,1,REG0000807 Radiation Oncology Specialist,REG0000807,Radiation Oncology,,,
808,3,REG0000808 Orthopaedic Surgery Specialist,REG0000808,Orthopaedic Surgery,,,
809,3,D0000809 Oral & Maxillo-Facial Surgery Specialist,D0000809,Oral & Maxillo-Facial Surgery,,,
810,3,REG0000810 Otorhinolaryngology Specialist,REG0000810,Otorhinolaryngology,1,5/2/2018,12/31/9999
811,3,REG0000811 Paediatric Medicine Specialist,REG0000811,Paediatric Medicine,,,
812,3,REG0000812 Obstetrics & Gynaecology Specialist,REG0000812,Obstetrics & Gynaecology,,,
813,3,REG0000813 Urology Specialist,REG0000813,Urology,,,
814,3,REG0000814 General Surgery Specialist,REG0000814,General Surgery,,,
815,3,REG0000815 Obstetrics & Gynaecology Specialist,REG0000815,Obstetrics & Gynaecology,,,
816,3,REG0000816 Hand Surgery Specialist,REG0000816,Hand Surgery,,,
817,3,REG0000817 Orthopaedic Surgery Specialist,REG0000817,Orthopaedic Surgery,,,
818,3,REG0000818 Renal Medicine Specialist,REG0000818,Renal Medicine,,,
819,1,REG0000819 Neurosurgery Specialist,REG0000819,Neurosurgery,,,
820,3,REG0000820 Obstetrics & Gynaecology Specialist,REG0000820,Obstetrics & Gynaecology,,,
821,3,REG0000821 Paediatric Medicine Specialist,REG0000821,Paediatric Medicine,,,
822,3,REG0000822 Medical Oncology Specialist,REG0000822,Medical Oncology,,,
823,1,REG0000823 Orthopaedic Surgery Specialist,REG0000823,Orthopaedic Surgery,,,
824,3,REG0000824 Hand Surgery Specialist,REG0000824,Hand Surgery,,,
825,3,REG0000825 Paediatric Medicine Specialist,REG0000825,Paediatric Medicine,,,
826,1,REG0000826 Anaesthesiology Specialist,REG0000826,Anaesthesiology,,,
827,3,REG0000827 Cardiology Specialist,REG0000827,Cardiology,,,
828,1,REG0000828 Hand Surgery Specialist,REG0000828,Hand Surgery,,,
829,3,REG0000829 Ophthalmology Specialist,REG0000829,Ophthalmology,1,4/10/2018,12/31/9999
830,3,REG0000830 Ophthalmology Specialist,REG0000830,Ophthalmology,,,
831,3,REG0000831 Urology Specialist,REG0000831,Urology,,,
832,3,REG0000832 Obstetrics & Gynaecology Specialist,REG0000832,Obstetrics & Gynaecology,,,
833,3,REG0000833 General Surgery Specialist,REG0000833,General Surgery,,,
834,3,REG0000834 Ophthalmology Specialist,REG0000834,Ophthalmology,,,
835,3,REG0000835 Obstetrics & Gynaecology Specialist,REG0000835,Obstetrics & Gynaecology,,,
836,3,REG0000836 Psychiatry Specialist,REG0000836,Psychiatry,,,
837,3,REG0000837 Obstetrics & Gynaecology Specialist,REG0000837,Obstetrics & Gynaecology,,,
838,3,REG0000838 Dermatology Specialist,REG0000838,Dermatology,,,
839,3,REG0000839 Medical Oncology Specialist,REG0000839,Medical Oncology,,,
840,1,REG0000840 General Surgery Specialist,REG0000840,General Surgery,,,
841,3,REG0000841 Radiation Oncology Specialist,REG0000841,Radiation Oncology,,,
842,1,REG0000842 Urology Specialist,REG0000842,Urology,,,
843,3,REG0000843 Geriatric Medicine Specialist,REG0000843,Geriatric Medicine,,,
844,3,REG0000844 Urology Specialist,REG0000844,Urology,,,
845,3,REG0000845 Palliative Medicine Specialist,REG0000845,Palliative Medicine,,,
846,3,REG0000846 General Surgery Specialist,REG0000846,General Surgery,,,
847,3,REG0000847 Obstetrics & Gynaecology Specialist,REG0000847,Obstetrics & Gynaecology,,,
848,3,REG0000848 Plastic Surgery Specialist,REG0000848,Plastic Surgery,,,
849,3,REG0000849 Respiratory Medicine Specialist,REG0000849,Respiratory Medicine,,,
850,3,REG0000850 Obstetrics & Gynaecology Specialist,REG0000850,Obstetrics & Gynaecology,,,
851,1,REG0000851 General Surgery Specialist,REG0000851,General Surgery,,,
852,3,REG0000852 Paediatric Medicine Specialist,REG0000852,Paediatric Medicine,,,
853,3,REG0000853 Endocrinology Specialist,REG0000853,Endocrinology,,,
854,3,REG0000854 Dermatology Specialist,REG0000854,Dermatology,,,
855,3,REG0000855 General Surgery Specialist,REG0000855,General Surgery,,,
856,1,REG0000856 Radiation Oncology Specialist,REG0000856,Radiation Oncology,,,
857,3,REG0000857 Neurology Specialist,REG0000857,Neurology,,,
858,3,REG0000858 Paediatric Medicine Specialist,REG0000858,Paediatric Medicine,,,
859,3,REG0000859 Plastic Surgery Specialist,REG0000859,Plastic Surgery,,,
860,3,REG0000860 Anaesthesiology Specialist,REG0000860,Anaesthesiology,,,
861,1,REG0000861 Orthopaedic Surgery Specialist,REG0000861,Orthopaedic Surgery,,,
862,3,REG0000862 Otorhinolaryngology Specialist,REG0000862,Otorhinolaryngology,,,
863,1,REG0000863 Urology Specialist,REG0000863,Urology,,,
864,3,REG0000864 General Surgery Specialist,REG0000864,General Surgery,,,
865,3,REG0000865 Medical Oncology Specialist,REG0000865,Medical Oncology,,,
866,3,REG0000866 Cardiology Specialist,REG0000866,Cardiology,,,
867,3,REG0000867 Dermatology Specialist,REG0000867,Dermatology,,,
868,3,REG0000868 Medical Oncology Specialist,REG0000868,Medical Oncology,,,
869,1,REG0000869 Ophthalmology Specialist,REG0000869,Ophthalmology,,,
870,3,REG0000870 Ophthalmology Specialist,REG0000870,Ophthalmology,,,
871,3,REG0000871 Orthopaedic Surgery Specialist,REG0000871,Orthopaedic Surgery,,,
872,3,REG0000872 Radiation Oncology Specialist,REG0000872,Radiation Oncology,,,
873,1,D0000873 Oral & Maxillo-Facial Surgery Specialist,D0000873,Oral & Maxillo-Facial Surgery,,,
874,3,REG0000874 Obstetrics & Gynaecology Specialist,REG0000874,Obstetrics & Gynaecology,,,
875,1,REG0000875 Urology Specialist,REG0000875,Urology,,,
876,3,REG0000876 Haematology Specialist,REG0000876,Haematology,,,
877,1,REG0000877 Dermatology Specialist,REG0000877,Dermatology,,,
878,3,REG0000878 Diagnostic Radiology Specialist,REG0000878,Diagnostic Radiology,,,
879,3,D0000879 Paediatric Dentistry Specialist,D0000879,Paediatric Dentistry,,,
880,3,REG0000880 Diagnostic Radiology Specialist,REG0000880,Diagnostic Radiology,,,
881,3,REG0000881 Obstetrics & Gynaecology Specialist,REG0000881,Obstetrics & Gynaecology,,,
882,3,REG0000882 Obstetrics & Gynaecology Specialist,REG0000882,Obstetrics & Gynaecology,,,
883,3,REG0000883 Otorhinolaryngology Specialist,REG0000883,Otorhinolaryngology,,,
884,1,REG0000884 Cardiology Specialist,REG0000884,Cardiology,,,
885,3,REG0000885 Orthopaedic Surgery Specialist,REG0000885,Orthopaedic Surgery,,,
886,3,REG0000886 Orthopaedic Surgery Specialist,REG0000886,Orthopaedic Surgery,,,
887,1,REG0000887 Respiratory Medicine Specialist,REG0000887,Respiratory Medicine,,,
888,1,REG0000888 Dermatology Specialist,REG0000888,Dermatology,,,
889,3,REG0000889 Obstetrics & Gynaecology Specialist,REG0000889,Obstetrics & Gynaecology,,,
890,3,REG0000890 Haematology Specialist,REG0000890,Haematology,,,
891,3,REG0000891 Obstetrics & Gynaecology Specialist,REG0000891,Obstetrics & Gynaecology,,,
892,1,REG0000892 General Surgery Specialist,REG0000892,General Surgery,,,
893,3,REG0000893 Plastic Surgery Specialist,REG0000893,Plastic Surgery,,,
894,3,REG0000894 Obstetrics & Gynaecology Specialist,REG0000894,Obstetrics & Gynaecology,,,
895,3,REG0000895 Respiratory Medicine Specialist,REG0000895,Respiratory Medicine,,,
896,3,REG0000896 Obstetrics & Gynaecology Specialist,REG0000896,Obstetrics & Gynaecology,,,
897,3,REG0000897 Dermatology Specialist,REG0000897,Dermatology,,,
898,3,REG0000898 Cardiothoracic Surgery Specialist,REG0000898,Cardiothoracic Surgery,,,
899,3,REG0000899 Orthopaedic Surgery Specialist,REG0000899,Orthopaedic Surgery,,,
900,3,REG0000900 Obstetrics & Gynaecology Specialist,REG0000900,Obstetrics & Gynaecology,,,
901,3,REG0000901 Orthopaedic Surgery Specialist,REG0000901,Orthopaedic Surgery,,,
902,3,REG0000902 Psychiatry Specialist,REG0000902,Psychiatry,,,
903,3,REG0000903 Gastroenterology Specialist,REG0000903,Gastroenterology,,,
904,3,REG0000904 Obstetrics & Gynaecology Specialist,REG0000904,Obstetrics & Gynaecology,,,
905,1,REG0000905 Diagnostic Radiology Specialist,REG0000905,Diagnostic Radiology,,,
906,3,REG0000906 Cardiology Specialist,REG0000906,Cardiology,,,
907,3,REG0000907 Urology Specialist,REG0000907,Urology,,,
908,3,REG0000908 Cardiothoracic Surgery Specialist,REG0000908,Cardiothoracic Surgery,,,
909,1,REG0000909 Orthopaedic Surgery Specialist,REG0000909,Orthopaedic Surgery,,,
910,3,REG0000910 General Surgery Specialist,REG0000910,General Surgery,,,
911,3,REG0000911 Obstetrics & Gynaecology Specialist,REG0000911,Obstetrics & Gynaecology,,,
912,3,REG0000912 Obstetrics & Gynaecology Specialist,REG0000912,Obstetrics & Gynaecology,,,
913,3,REG0000913 Anaesthesiology Specialist,REG0000913,Anaesthesiology,,,
914,3,REG0000914 Medical Oncology Specialist,REG0000914,Medical Oncology,,,
915,3,REG0000915 Urology Specialist,REG0000915,Urology,,,
916,1,REG0000916 Neurosurgery Specialist,REG0000916,Neurosurgery,,,
917,3,REG0000917 Psychiatry Specialist,REG0000917,Psychiatry,,,
918,3,REG0000918 Orthopaedic Surgery Specialist,REG0000918,Orthopaedic Surgery,,,
919,3,REG0000919 Ophthalmology Specialist,REG0000919,Ophthalmology,,,
920,3,REG0000920 Ophthalmology Specialist,REG0000920,Ophthalmology,,,
921,1,REG0000921 Ophthalmology Specialist,REG0000921,Ophthalmology,,,
922,1,REG0000922 Gastroenterology Specialist,REG0000922,Gastroenterology,,,
923,1,REG0000923 Psychiatry Specialist,REG0000923,Psychiatry,,,
924,1,REG0000924 Obstetrics & Gynaecology Specialist,REG0000924,Obstetrics & Gynaecology,,,
925,3,REG0000925 Dermatology Specialist,REG0000925,Dermatology,,,
926,3,REG0000926 Paediatric Medicine Specialist,REG0000926,Paediatric Medicine,,,
927,1,REG0000927 Obstetrics & Gynaecology Specialist,REG0000927,Obstetrics & Gynaecology,,,
928,3,REG0000928 Obstetrics & Gynaecology Specialist,REG0000928,Obstetrics & Gynaecology,,,
929,3,REG0000929 Obstetrics & Gynaecology Specialist,REG0000929,Obstetrics & Gynaecology,,,
930,3,REG0000930 General Surgery Specialist,REG0000930,General Surgery,,,
931,1,REG0000931 Orthopaedic Surgery Specialist,REG0000931,Orthopaedic Surgery,,,
932,3,D0000932 Oral & Maxillo-Facial Surgery Specialist,D0000932,Oral & Maxillo-Facial Surgery,,,
933,3,REG0000933 Obstetrics & Gynaecology Specialist,REG0000933,Obstetrics & Gynaecology,,,
934,1,REG0000934 Psychiatry Specialist,REG0000934,Psychiatry,,,
935,3,REG0000935 Paediatric Medicine Specialist,REG0000935,Paediatric Medicine,,,
936,3,REG0000936 Medical Oncology Specialist,REG0000936,Medical Oncology,,,
937,3,REG0000937 Ophthalmology Specialist,REG0000937,Ophthalmology,,,
938,3,REG0000938 Obstetrics & Gynaecology Specialist,REG0000938,Obstetrics & Gynaecology,,,
939,3,REG0000939 Obstetrics & Gynaecology Specialist,REG0000939,Obstetrics & Gynaecology,,,
940,3,REG0000940 Obstetrics & Gynaecology Specialist,REG0000940,Obstetrics & Gynaecology,,,
941,3,REG0000941 Gastroenterology Specialist,REG0000941,Gastroenterology,,,
942,1,REG0000942 Anaeshesiology Specialist,REG0000942,Anaeshesiology,,,
943,3,REG0000943 Obstetrics & Gynaecology Specialist,REG0000943,Obstetrics & Gynaecology,,,
944,3,REG0000944 Obstetrics & Gynaecology Specialist,REG0000944,Obstetrics & Gynaecology,,,
945,3,REG0000945 Paediatric Medicine Specialist,REG0000945,Paediatric Medicine,,,
946,3,REG0000946 Obstetrics & Gynaecology Specialist,REG0000946,Obstetrics & Gynaecology,,,
947,3,REG0000947 Medical Oncology Specialist,REG0000947,Medical Oncology,,,
948,3,REG0000948 General Surgery Specialist,REG0000948,General Surgery,,,
949,3,REG0000949 Paediatric Medicine Specialist,REG0000949,Paediatric Medicine,,,
950,1,REG0000950 Cardiothoracic Surgery Specialist,REG0000950,Cardiothoracic Surgery,,,
951,3,REG0000951 Obstetrics & Gynaecology Specialist,REG0000951,Obstetrics & Gynaecology,,,
952,3,REG0000952 General Surgery Specialist,REG0000952,General Surgery,,,
953,1,REG0000953 Medical Oncology Specialist,REG0000953,Medical Oncology,,,
954,1,M0000954 Medical Oncology Specialist,M0000954,Medical Oncology,,,
955,1,REG0000955 Infectious Diseases Specialist,REG0000955,Infectious Diseases,,,
956,3,REG0000956 Cardiology Specialist,REG0000956,Cardiology,1,5/10/2018,12/31/9999
957,3,REG0000957 Obstetrics & Gynaecology Specialist,REG0000957,Obstetrics & Gynaecology,,,
958,1,REG0000958 General Surgery Specialist,REG0000958,General Surgery,,,
959,3,REG0000959 General Surgery Specialist,REG0000959,General Surgery,,,
960,3,REG0000960 Plastic Surgery Specialist,REG0000960,Plastic Surgery,,,
961,3,REG0000961 Paediatric Medicine Specialist,REG0000961,Paediatric Medicine,,,
962,3,REG0000962 Ophthalmology Specialist,REG0000962,Ophthalmology,,,
963,3,REG0000963 Cardiothoracic Surgery Specialist,REG0000963,Cardiothoracic Surgery,,,
964,3,REG0000964 Cardiology Specialist,REG0000964,Cardiology,,,
965,3,REG0000965 Ophthalmology Specialist,REG0000965,Ophthalmology,,,
966,1,REG0000966 Orthopaedic Surgery Specialist,REG0000966,Orthopaedic Surgery,,,
967,3,REG0000967 Orthopaedic Surgery Specialist,REG0000967,Orthopaedic Surgery,,,
968,3,REG0000968 Obstetrics & Gynaecology Specialist,REG0000968,Obstetrics & Gynaecology,,,
969,3,REG0000969 Obstetrics & Gynaecology Specialist,REG0000969,Obstetrics & Gynaecology,,,
970,3,REG0000970 General Surgery Specialist,REG0000970,General Surgery,,,
971,3,REG0000971 Plastic Surgery Specialist,REG0000971,Plastic Surgery,,,
972,3,REG0000972 Urology Specialist,REG0000972,Urology,,,
973,3,REG0000973 General Surgery Specialist,REG0000973,General Surgery,,,
974,1,REG0000974 Hand Surgery Specialist,REG0000974,Hand Surgery,,,
975,3,REG0000975 Obstetrics & Gynaecology Specialist,REG0000975,Obstetrics & Gynaecology,,,
976,3,REG0000976 Cardiology Specialist,REG0000976,Cardiology,,,
977,3,REG0000977 Obstetrics & Gynaecology Specialist,REG0000977,Obstetrics & Gynaecology,,,
978,1,REG0000978 Paediatric Medicine Specialist,REG0000978,Paediatric Medicine,,,
979,3,REG0000979 Radiation Oncology Specialist,REG0000979,Radiation Oncology,,,
980,1,REG0000980 Respiratory Medicine Specialist,REG0000980,Respiratory Medicine,,,
981,3,REG0000981 Gastroenterology Specialist,REG0000981,Gastroenterology,,,
982,3,REG0000982 Ophthalmology Specialist,REG0000982,Ophthalmology,,,
983,1,REG0000983 Neurology Specialist,REG0000983,Neurology,,,
984,3,REG0000984 Gastroenterology Specialist,REG0000984,Gastroenterology,,,
985,3,REG0000985 Obstetrics & Gynaecology Specialist,REG0000985,Obstetrics & Gynaecology,,,
986,3,REG0000986 General Surgery Specialist,REG0000986,General Surgery,,,
987,3,REG0000987 Ophthalmology Specialist,REG0000987,Ophthalmology,,,
988,3,REG0000988 Respiratory Medicine Specialist,REG0000988,Respiratory Medicine,,,
989,3,REG0000989 Otorhinolaryngology Specialist,REG0000989,Otorhinolaryngology,,,
990,3,REG0000990 Plastic Surgery Specialist,REG0000990,Plastic Surgery,,,
991,3,REG0000991 Obstetrics & Gynaecology Specialist,REG0000991,Obstetrics & Gynaecology,,,
992,3,REG0000992 Orthopaedic Surgery Specialist,REG0000992,Orthopaedic Surgery,1,9/24/2018,12/31/9999
993,1,REG0000993 Hand Surgery Specialist,REG0000993,Hand Surgery,,,
994,1,REG0000994 Gastroenterology Specialist,REG0000994,Gastroenterology,,,
995,3,REG0000995 Psychiatry Specialist,REG0000995,Psychiatry,,,
996,3,REG0000996 Obstetrics & Gynaecology Specialist,REG0000996,Obstetrics & Gynaecology,,,
997,3,REG0000997 Orthopaedic Surgery Specialist,REG0000997,Orthopaedic Surgery,,,
998,3,REG0000998 Paediatric Medicine Specialist,REG0000998,Paediatric Medicine,,,
999,3,REG0000999 Ophthalmology Specialist,REG0000999,Ophthalmology,,,
1000,3,REG0001000 Obstetrics & Gynaecology Specialist,REG0001000,Obstetrics & Gynaecology,,,
